Musterer observable name,NGS assay/primer name
09-109058630IGL2773(Trex1),Trex1-igl2773
11-17952576-IGL1100 (Etaa1),11-17952576-IGL1100-Etaa1
13-32218951-igl46,13-32218951-IGL46
15-75864337-IGL1351 (GSDMD),Gsdmd-igl1351
AkirinI-N1#6-11bpDel,Akirin1-R181X
Ager-R368Q-AGtoCA,Ager-R368Q
Apc-min,Apc
Arpc1b-fl,Arpc1b
Arpc1b-flpe-tm1c,Arpc1b
BTLA-L188F,BTLA-L188F
C2KO-g7-16Del,C2KO-F0M12-g7
C2KO-g7-339Del,C2KO-F0M12-g7
C2KO-g8-2Del,C2KO-F0M12-g8
C2KO-g8-5Del1Ins,C2KO-F0M12-g8
CD79B-Y195H-TtoC,CD79B-Y195H
CRE,Cre
Ctbp1-F0#9-4bpDel,Ctbp1-V96I
Cxcr5-Tg,Cxcr5_Tg
Ddit3,Ddit3
ENU11B6 221d,ENU11-221d
Fcho1-29Del,Fcho1-F0M5
Fcho2-g5-1Del2Ins,Fcho2-F0M1
Gbp1-F0#5-2bpDel,Gbp5-F0M12
Gbp5-F0#5-g10-24Del2Ins,Gbp5-F0M12
Gbp5-F0#5-g2/10-7252Del,Gbp5-F0M12
Gbp5-F0#5-g2/6-3616Del,Gbp5-F0M12
Wheat-F0#12-127kbDel,Gbp5-F0M12
IFNE-L154V,Ifne-F0M1-F0M6
Igf1r-T1368P-PM,Igf1r-T1368P
Ikzf2-1bpIns,Ikzf2-F0M1
Ikzf2-Y512X-PM,Ikzf2-F0M1
IL5tg,Il5_Tg
Irak2-CtoA,Irak2-F0M19_PM
Irf4-T95R-47bpDel1bpInsl,Irf4
Irf4-T95R-CtoG,Irf4
IRF4-T59R-1Del,Irf4
Ku70,Ku70
Lifr-flpe-tm1c,Lifr
Ly5a/b,Ptprc
Man2a1-GtoC,Man2a1
MDM2-KI,MDM2-KI
MerTK-ex1-6bpDel,MerTK-ex1
MHCII KO,MHCII
Nlrp9a-F0#8-54bpDel,Nlrp9a-F0M8
Nlrp9c-F0#14-g1-4bpDel,Nlrp9c-F0M14
Pacsin1-F0#20-1bpDel,Pacsin1-Q56K-F0M20
Pacsin1-Q56K-F0#20,Pacsin1-Q56K-F0M20
Phlpp2-F0#4-1bpIns,Phlpp2-D1056G-F0M4
Phrf1-R196C-CtoT,Phrf1-F0M9-F0M16
Rasal1-F0#2-1bpDel,Rasal1-W203X
RCEloxP,RCE-LoxP
Sh2b3-F0#6-GtoA,Sh2b3-F0M6
Sh2b3-R530Q-PM,Sh2b3-F0M1
Slc6a17-g3-1bpDel,Slc6a17-g3-F0M10
Ssbp4-1Ins,Ssbp4-A341G 
Ssbp4-CtoG,Ssbp4-A341G 
TLR3-A803E-PM,TLR3-A803E-F0M6
TLR3-F0#6-1bpDel,TLR3-A803E-F0M6
TLR7-1bpDel,Tlr7-F0M9
TLR7-TtoC,Tlr7-F0M9
Ubtf-E210K,Ubtf-E210K
Vps51-flpe-tm1c,Vps51
Vps51-R78P-35bpDel,Vps51-R78P_35bpDel
Xbp1- F0#3-AtoG,Xbp1-K151N
Xbp1- F1#4-3bpIns,Xbp1-K151N
Xbp1-F0#4-Q131E,Xbp1-F0M4_PM
