Family group,Primer,References,Attribute 
Trex1-igl2773,Trex1-igl2773,Trex1-igl2773_MUT_PM_GtoA_115bp,simplex
,,Trex1-igl2773_WT_115bp,
11-17952576-IGL1100-Etaa1,11-17952576-IGL1100-Etaa1,11-17952576-IGL1100-Etaa1_MUT_PM_AtoG_100bp,simplex
,,11-17952576-IGL1100-Etaa1_WT_100bp,
13-32218951-IGL46,13-32218951-IGL46,13-32218951-IGL46_MUT_PM_AtoT_100bp,simplex
,,13-32218951-IGL46_WT_100bp,
Gsdmd-igl1351,Gsdmd-igl1351,Gsdmd-igl1351_MUT_PM_TtoA_100bp,simplex
,,Gsdmd-igl1351_WT_100bp,
ACTBFLPe,ACTBFLPe_Tg,ACTBFLPe_POS_Tg_110bp,new
Ager-R368Q,Ager-R368Q,Ager-R3680_MUT_DEL_CGTG_Packham_157bp,complex
,,Ager-R3680_MUT_PM_AGtoCA_Packham_161bp,
,,Ager-R3680_WT_Packham_161bp,
Akirin1-R181X,Akirin1-R181X,Akirin1-R181X_WT_Fry_150bp,complex
,,Akirin1-R181X_MUT_INDEL_INS-22bp-DEL-CATGCGGC_Fry9_N1M9_161bp,
,,Akirin1-R181X_MUT_DEL_CATGCGGCGAT_Fry6_N1M6_139bp,
Apc,Apc,Apc_MUT_PM_TtoA_120bp,simplex
,,Apc_WT_120bp,
Arpc1b-Tm1a,Arpc1b-Tm1a,Arpc1b-Tm1a_MUT_Tm1a_110bp,complex
Arpc1b-Tm1b,Arpc1b-Tm1b,Arpc1b-Tm1b_MUT_Tm1b_130bp,complex
Arpc1b-Tm1c,Arpc1b-Tm1c,Arpc1b-Tm1c_MUT_Tm1c_200bp,complex
Arpc1b-Tm1d,Arpc1b-Tm1d,Arpc1b-Tm1d_MUT_Tm1d_177bp,complex
Arpc1b-WT,Arpc1b-WT,Arpc1b-WT_WT_123bp,complex
BTLA-L188F,BTLA-L188F,BTLA-L188F_MUT_INS_T_Kennedy_161bp,complex
,,BTLA-L188F_MUT_PM_GtoT_Kennedy_160bp,
,,BTLA-L188F_WT_Kennedy_160bp,
C2KO-F0M12-g7,C2KO-F0M12-g7,C2KO-F0M12-g7_MUT_DEL_TGCCTGGAAGGAAATC_Rockslide_127bp,simplex
,,C2KO-F0M12-g7_WT_Rockslide_143bp,
C2KO-F0M12-g8,C2KO-F0M12-g8,C2KO-F0M12-g8_MUT_DEL_TA_Rockslide_158bp,simplex
,,C2KO-F0M12-g8_MUT_INDEL_INS-A-DEL-TATCT_Rockslide_156bp,
,,C2KO-F0M12-g8_WT_Rockslide_160bp,
CD79B-Y195H,CD79B-Y195H_PM,CD79B-Y195H_MUT_PM_TtoC_163bp,simplex
,,CD79B-Y195H_WT_163bp,
Cre,Cre,Cre_POS_Tg_137bp,complex
Ctbp1-V96I,Ctbp1-V96I,Ctbp1-V96I_MUT_DEL_AATT_Lychee_146bp,complex
,,Ctbp1-V96I_WT_Lychee_150bp,
,,Ctbp1-V96I_MUT_PM_GtoA_Lychee_150bp,
Cxcr5,Cxcr5_Tg,Cxcr5_POS_Tg_153bp,complex
Ddit3-Tm1a,Ddit3-Tm1a,Ddit3-WT_off-target-in-Tm1c-and-Tm1a_177bp,complex
Ddit3-Tm1b,Ddit3-Tm1b,Ddit3-Tm1a_MUT_Tm1a_105bp,complex
Ddit3-Tm1c,Ddit3-Tm1c,Ddit3-Tm1b_MUT_Tm1b_131bp,complex
Ddit3-Tm1d,Ddit3-Tm1d,Ddit3-Tm1c_MUT_Tm1c_157bp,complex
Ddit3-WT,Ddit3-WT,Ddit3-Tm1d_MUT_Tm1d_113bp,complex
,,Ddit3-WT_WT_106bp,complex
ENU11-221d,ENU11-221d,ENU11-221d_MUT_PM_CtoT_86bp,simplex
,,ENU11-221d_WT_86bp,
Fcho1-F0M5,Fcho1-F0M5,Fcho1-F0M5_MUT_DEL_29bp_Choir_121bp,simplex
,,Fcho1-F0M5_WT_Choir_150bp,
Fcho2-F0M1,Fcho2-F0M1,Fcho2-F0M1_MUT_INDEL_INS-TT-DEL-A_141bp,complex
,,Fcho2-F0M1_MUT_INS_C_141bp,
,,Fcho2-F0M1_WT_140bp,
Gbp1-F0M5,Gbp1-F0M5,Gbp1-F0M5_MUT_DEL_CT_Oat_189bp,simplex
,,Gbp1-F0M5_WT_Oat_191bp,
Gbp6-F0M1-g11,Gbp6-F0M1-g11_5bpDel,Gbp6-F0M1-g11_MUT_DEL_ATTAA_millet_96bp,complex
,,Gbp6-F0M1-g11_WT_millet_102bp,
,,Gbp6-F0M1-g11_off-target-Gbp10_millet_102bp,
IL5,IL5_Tg,IL5_POS_Tg_123bp,complex
Irf4,Irf4,Irf4_MUT_DEL_T_Nightcrawler_149bp,complex
,,Irf4_MUT_INS_TT_Nightcrawler_152bp,
,,Irf4_MUT_INDEL_INS-TT-DEL-TGGAAGACA_Nightcrawler_143bp,
,,Irf4_MUT_INDEL_INS-AG-DEL-49bp_Nightcrawler_103bp,
,,Irf4_MUT_DEL_TGGAAGACA_Nightcrawler_141bp,
,,Irf4_MUT_PM_CtoG_Nightcrawler_150bp,
,,Irf4_WT_Nightcrawler_150bp,
Ifne-F0M1-F0M6,Ifne-F0M1-F0M6,Ifne-F0M1-F0M6_WT_Thunderbird_125bp,complex
,,Ifne-F0M1-F0M6_MUT_PM_TtoG_Thunderbird_F0M6_125bp,
,,Ifne-F0M1-F0M6_MUT_DEL_TCCACGATTACTTGGA_Thunderbird_F0M1_119bp,
Igf1r-T1368P,Igf1r-T1368P_PM,Igf1r-T1368P_MUT_PM_AtoC_Hardy_111bp,simplex
,,Igf1r-T1368P_WT_Hardy_111bp,
Ikzf2-F0M1,Ikzf2-F0M1,Ikzf2-F0M1_MUT_INS_T_Plantain_151bp,complex
,,Ikzf2-F0M1_WT_Plantain_150bp,
,,Ikzf2-F0M1_MUT_PM_CtoG_Plantain_150bp,
Irak2-F0M19,Irak2-F0M19_PM,Irak2-F0M19_MUT_PM_CtoA_Sumo_120bp,simplex
,,Irak2-F0M19_WT_Sumo_120bp,
Ku70,Ku70_WT,Ku70_WT_86bp,complex
,Ku70_MUT,Ku70_MUT_Neo_86bp,
LCMV-P14-TCR,LCMV-P14-TCR_alpha,LCMV-P14-TCR_alpha_POS_Tg_106bp,new
,LCMV-P14-TCR_beta,LCMV-P14-TCR_beta_POS_Tg_154bp,new
Lifr-Tm1a,Lifr-Tm1a,Lifr-Tm1a_MUT_Tm1a_200bp,complex
Lifr-Tm1b,Lifr-Tm1b,Lifr-Tm1b_MUT_Tm1b_100bp,complex
Lifr-Tm1c,Lifr-Tm1c,Lifr-Tm1c_MUT_Tm1c_158bp,complex
Lifr-Tm1d,Lifr-Tm1d,Lifr-Tm1c_off-target-in-WT_274bp,complex
Lifr-WT,Lifr-WT,Lifr-Tm1d_MUT_Tm1d_102bp,complex
,,Lifr-WT_WT_100bp,complex
Ptprc,Ptprc,Ptprc_MUT_PM_AtoG_174bp,simplex
,,Ptprc_WT_174bp,
MDM2-KI,MDM2-KI,MDM2-KI_MUT_PM_121bp,simplex
,,MDM2-KI_WT_121bp,
MHCII,MHCII_WT,MHCII_WT_99bp,complex
,MHCII_MUT,MHCII_MUT_Neo_102bp,
Man2a1,Man2a1,Man2a1_MUT_DEL_A_167bp,complex
,,Man2a1_MUT_INS_C_169bp,
,,Man2a1_MUT_PM_GtoC_168bp,
,,Man2a1_WT_168bp,
MerTK-ex1,MerTK-ex1_6bpDel,MerTK-ex1_MUT_DEL_GCGCTC_Hummels_102bp,simplex
,,MerTK-ex1_WT_Hummels_108bp,
Nlrp9a-F0M8,Nlrp9a-F0M8,Nlrp9a-F0M8_MUT_DEL_54bpDel_Sorghum_126bp,simplex
,,Nlrp9a-F0M8_WT_Sorghum_180bp,
Nlrp9c-F0M14,Nlrp9c-F0M14,Nlrp9c-F0M14_MUT_DEL_AGCT_Bran_136bp,simplex
,,Nlrp9c-F0M14_WT_Bran_140bp,
P53KO,P53KO_MUT,P53KO_WT_130bp,new
,P53KO_WT,,
Pacsin1-Q56K-F0M20,Pacsin1-Q56K-F0M20,Pacsin1-Q56K-F0M20_MUT_DEL_C_Longan_152bp,complex
,,Pacsin1-Q56K-F0M20_WT_Longan_153bp,
,,Pacsin1-Q56K-F0M20_MUT_PM_CtoA_Longan_153bp,
Phlpp2-D1056G-F0M4,Phlpp2-D1056G-F0M4_1bpIns,Phlpp2-D1056G-F0M4_MUT_DEL_GGACAA_Corella_134bp,complex
,,Phlpp2-D1056G-F0M4_MUT_INS_A_Corella_141bp,
,,Phlpp2-D1056G-F0M4_WT_Corella_140bp,
Phrf1-F0M9-F0M16,Phrf1-F0M9-F0M16,Phrf1-F0M9-F0M16_MUT_INS_C_Dragonfruit_F0M9_101bp,complex
,,Phrf1-F0M9-F0M16_MUT_PM_CtoT_Dragonfruit_100bp,
,,Phrf1-F0M9-F0M16_WT_Dragonfruit_100bp,
RCE-LoxP,RCE-LoxP_MUT,RCE-LoxP_MUT_Neo_100bp,complex
,RCE-LoxP_WT,RCE-LoxP_WT_100bp,
Rasal1-W203X,Rasal1-W203X,Rasal1-W203X_MUT_DEL_G_Mangosteen_F0M2_119bp,complex
,,Rasal1-W203X_MUT_DEL_63bp_Mangosteen_F0M1_57bp,
,,Rasal1-W203X_MUT_PM_GtoA_Mangosteen_F0M2_120bp,
,,Rasal1-W203X_WT_Mangosteen_120bp,
Sh2b3-F0M6,Sh2b3-F0M6,Sh2b3-F0M6_WT_Cavendish_142bp ,complex
,,Sh2b3-F0M6_MUT_PM_GtoA_Cavendish_F0M6_142bp ,
,,Sh2b3-F0M6_MUT_DEL_AG_Cavendish_F0M9_140bp ,
Slc6a17-g3-F0M10,Slc6a17-g3-F0M10,Slc6a17-g3-F0M10_MUT_DEL_T_Choko_182bp,simplex
,,Slc6a17-g3-F0M10_WT_Choko_183bp,
TLR3-A803E-F0M6,TLR3-A803E-F0M6,TLR3-A803E-F0M6_MUT_DEL_A_Seville_139bp,complex
,,TLR3-A803E-F0M6_MUT_PM_CtoA_Seville_140bp,
,,TLR3-A803E-F0M6_WT_Seville_140bp,
Tlr7-F0M9,Tlr7-F0M9,Tlr7-F0M9_MUT_DEL_G_Ramos_109bp,complex
,,Tlr7-F0M9_MUT_PM_TtoC_Ramos_110bp,
,,Tlr7-F0M9_WT_Ramos_110bp,
Ubtf-E210K,Ubtf-E210K,Ubtf-E210K_MUT_PM_GtoA_170bp,simplex
,,Ubtf-E210K_WT_170bp,
Vps51-R78P,Vps51-R78P_35bpDel,Vps51-R78P_MUT_DEL_35bp_116bp,simplex
,,Vps51-R78P_WT_151bp,
Vps51-Tm1a,Vps51-Tm1a,Vps51-Tm1a_MUT_Tm1a_150 bp,complex
Vps51-Tm1c,Vps51-Tm1c,Vps51-Tm1a_off-target-in-Tm1d_694bp,complex
Vps51-Tm1d,Vps51-Tm1d,Vps51-Tm1c_MUT_Tm1c_158bp,complex
Vps51-WT,Vps51-WT,Vps51-Tm1c_off-target-in-Tm1d_694bp,complex
,,Vps51-Tm1d_MUT_Tm1d_112bp,complex
,,Vps51-WT_WT_101bp,complex
,,Vps51-Tm1c_off-target-in-WT_269bp,complex
Gbp5-F0M12,Gbp5-F0M12_MUT_127kbdel,Gbp5-F0M12_MUT_DEL_127kb_Wheat_102bp,complex
,Gbp5-F0M12_WT,Gbp5-F0M12_Wheat_WT_106bp,
Xbp1-K151N,Xbp1-K151N,Xbp1-K151N_MUT_INS_AAA_Pear_F1M4_135bp,complex
,,Xbp1-K151N_MUT_PM_AtoG_Pear_F0M3_132bp,
,,Xbp1-K151N_WT_Pear_132bp,
Xbp1-F0M4,Xbp1-F0M4_PM,Xbp1-F0M4_MUT_PM_CtoG_Orange_137bp,simplex
,,Xbp1-F0M4_WT_Orange_137bp,
Ssbp4-A341G ,Ssbp4-A341G ,Ssbp4-A341G_WT_123bp ,complex
,,Ssbp4-A341G_MUT_INS_G_F0M3_124bp,
,,Ssbp4-A341G_MUT_PM_CtoG_F0M4_123bp,
Sh2b3-F0M1,Sh2b3-F0M1,Sh2b3-F0M1_MUT_DEL_G_LadyFinger_101bp,complex
,,Sh2b3-F0M1_MUT_PM_GtoA_LadyFinger_102bp,
,,Sh2b3-F0M1_WT_LadyFinger_102bp,
