Source well,Name for IDT ordering,index ,Name,Oligo * -phosphothioate modif. against exonuclease,
A1,96_SET_1_i7F_1,AACCTTGG,index_8nt_7,CAAGCAGAAGACGGCATACGAGATccaaggttGTCTCGTGGGCTCG*G,
B1,96_SET_1_i7F_2,AACGATTG,index_8nt_9,CAAGCAGAAGACGGCATACGAGATcaatcgttGTCTCGTGGGCTCG*G,
C1,96_SET_1_i7F_3,AACGCGAG,index_8nt_10,CAAGCAGAAGACGGCATACGAGATctcgcgttGTCTCGTGGGCTCG*G,
D1,96_SET_1_i7F_4,AACGGAGA,index_8nt_11,CAAGCAGAAGACGGCATACGAGATtctccgttGTCTCGTGGGCTCG*G,
E1,96_SET_1_i7F_5,AACGTTAC,index_8nt_13,CAAGCAGAAGACGGCATACGAGATgtaacgttGTCTCGTGGGCTCG*G,
F1,96_SET_1_i7F_6,AACTCATT,index_8nt_14,CAAGCAGAAGACGGCATACGAGATaatgagttGTCTCGTGGGCTCG*G,
G1,96_SET_1_i7F_7,AACTCTCA,index_8nt_15,CAAGCAGAAGACGGCATACGAGATtgagagttGTCTCGTGGGCTCG*G,
H1,96_SET_1_i7F_8,AACTTAGC,index_8nt_17,CAAGCAGAAGACGGCATACGAGATgctaagttGTCTCGTGGGCTCG*G,
A2,96_SET_1_i7F_9,AAGAGATT,index_8nt_21,CAAGCAGAAGACGGCATACGAGATaatctcttGTCTCGTGGGCTCG*G,
B2,96_SET_1_i7F_10,AAGATGGT,index_8nt_25,CAAGCAGAAGACGGCATACGAGATaccatcttGTCTCGTGGGCTCG*G,
C2,96_SET_1_i7F_11,AATAATCC,index_8nt_37,CAAGCAGAAGACGGCATACGAGATggattattGTCTCGTGGGCTCG*G,
D2,96_SET_1_i7F_12,AATTATGG,index_8nt_47,CAAGCAGAAGACGGCATACGAGATccataattGTCTCGTGGGCTCG*G,
A3,96_SET_2_i7F_13,ACCAGATC,index_8nt_50,CAAGCAGAAGACGGCATACGAGATgatctggtGTCTCGTGGGCTCG*G,
B3,96_SET_2_i7F_14,ACGAGCTG,index_8nt_69,CAAGCAGAAGACGGCATACGAGATcagctcgtGTCTCGTGGGCTCG*G,
C3,96_SET_2_i7F_15,AGTCTAAC,index_8nt_147,CAAGCAGAAGACGGCATACGAGATgttagactGTCTCGTGGGCTCG*G,
D3,96_SET_2_i7F_16,ATACTGAT,index_8nt_162,CAAGCAGAAGACGGCATACGAGATatcagtatGTCTCGTGGGCTCG*G,
E3,96_SET_2_i7F_17,ATCGTTCA,index_8nt_181,CAAGCAGAAGACGGCATACGAGATtgaacgatGTCTCGTGGGCTCG*G,
F3,96_SET_2_i7F_18,ATTCTCCA,index_8nt_199,CAAGCAGAAGACGGCATACGAGATtggagaatGTCTCGTGGGCTCG*G,
G3,96_SET_2_i7F_19,CAACCAAG,index_8nt_205,CAAGCAGAAGACGGCATACGAGATcttggttgGTCTCGTGGGCTCG*G,
H3,96_SET_2_i7F_20,CAACCGCT,index_8nt_206,CAAGCAGAAGACGGCATACGAGATagcggttgGTCTCGTGGGCTCG*G,
A4,96_SET_2_i7F_21,CAACGCAT,index_8nt_209,CAAGCAGAAGACGGCATACGAGATatgcgttgGTCTCGTGGGCTCG*G,
B4,96_SET_2_i7F_22,CAGCAAGC,index_8nt_231,CAAGCAGAAGACGGCATACGAGATgcttgctgGTCTCGTGGGCTCG*G,
C4,96_SET_2_i7F_23,CATCAGCC,index_8nt_246,CAAGCAGAAGACGGCATACGAGATggctgatgGTCTCGTGGGCTCG*G,
D4,96_SET_2_i7F_24,CCAAGGTT,index_8nt_263,CAAGCAGAAGACGGCATACGAGATaaccttggGTCTCGTGGGCTCG*G,
A5,96_SET_3_i7F_25,CCAGCCGT,index_8nt_271,CAAGCAGAAGACGGCATACGAGATacggctggGTCTCGTGGGCTCG*G,
B5,96_SET_3_i7F_26,CCATCGAT,index_8nt_276,CAAGCAGAAGACGGCATACGAGATatcgatggGTCTCGTGGGCTCG*G,
C5,96_SET_3_i7F_27,CCGAATCA,index_8nt_280,CAAGCAGAAGACGGCATACGAGATtgattcggGTCTCGTGGGCTCG*G,
D5,96_SET_3_i7F_28,CCGCGCAA,index_8nt_293,CAAGCAGAAGACGGCATACGAGATttgcgcggGTCTCGTGGGCTCG*G,
E5,96_SET_3_i7F_29,CCGGAGGA,index_8nt_296,CAAGCAGAAGACGGCATACGAGATtcctccggGTCTCGTGGGCTCG*G,
F5,96_SET_3_i7F_30,CCTAACCT,index_8nt_306,CAAGCAGAAGACGGCATACGAGATaggttaggGTCTCGTGGGCTCG*G,
G5,96_SET_3_i7F_31,CCTCAATT,index_8nt_311,CAAGCAGAAGACGGCATACGAGATaattgaggGTCTCGTGGGCTCG*G,
H5,96_SET_3_i7F_32,CCTTCGCG,index_8nt_324,CAAGCAGAAGACGGCATACGAGATcgcgaaggGTCTCGTGGGCTCG*G,
A6,96_SET_3_i7F_33,CGATATAT,index_8nt_336,CAAGCAGAAGACGGCATACGAGATatatatcgGTCTCGTGGGCTCG*G,
B6,96_SET_3_i7F_34,CTCTTCGC,index_8nt_413,CAAGCAGAAGACGGCATACGAGATgcgaagagGTCTCGTGGGCTCG*G,
C6,96_SET_3_i7F_35,CTGATCCA,index_8nt_419,CAAGCAGAAGACGGCATACGAGATtggatcagGTCTCGTGGGCTCG*G,
D6,96_SET_3_i7F_36,CTTGGTTA,index_8nt_432,CAAGCAGAAGACGGCATACGAGATtaaccaagGTCTCGTGGGCTCG*G,
A7,96_SET_1_i5R_1,AACCGAAC,index_8nt_4,AATGATACGGCGACCACCGAGATCTACACaaccgaacTCGTCGGCAGCGT*C,
B7,96_SET_1_i5R_2,AACCGGTT,index_8nt_6,AATGATACGGCGACCACCGAGATCTACACaaccggttTCGTCGGCAGCGT*C,
C7,96_SET_1_i5R_3,AACCTGCC,index_8nt_9,AATGATACGGCGACCACCGAGATCTACACaacctgccTCGTCGGCAGCGT*C,
D7,96_SET_1_i5R_4,AACGATAG,index_8nt_12,AATGATACGGCGACCACCGAGATCTACACaacgatagTCGTCGGCAGCGT*C,
E7,96_SET_1_i5R_5,AACGCGCT,index_8nt_15,AATGATACGGCGACCACCGAGATCTACACaacgcgctTCGTCGGCAGCGT*C,
F7,96_SET_1_i5R_6,AACTACCT,index_8nt_19,AATGATACGGCGACCACCGAGATCTACACaactacctTCGTCGGCAGCGT*C,
G7,96_SET_1_i5R_7,AAGAACCA,index_8nt_25,AATGATACGGCGACCACCGAGATCTACACaagaaccaTCGTCGGCAGCGT*C,
H7,96_SET_1_i5R_8,AAGAAGAC,index_8nt_26,AATGATACGGCGACCACCGAGATCTACACaagaagacTCGTCGGCAGCGT*C,
A8,96_SET_2_i5R_9,AAGACGGA,index_8nt_29,AATGATACGGCGACCACCGAGATCTACACaagacggaTCGTCGGCAGCGT*C,
B8,96_SET_2_i5R_10,AATCATAT,index_8nt_57,AATGATACGGCGACCACCGAGATCTACACaatcatatTCGTCGGCAGCGT*C,
C8,96_SET_2_i5R_11,AGAACTCT,index_8nt_125,AATGATACGGCGACCACCGAGATCTACACagaactctTCGTCGGCAGCGT*C,
D8,96_SET_2_i5R_12,AGCCGTTC,index_8nt_157,AATGATACGGCGACCACCGAGATCTACACagccgttcTCGTCGGCAGCGT*C,
E8,96_SET_2_i5R_13,AGTATTGC,index_8nt_177,AATGATACGGCGACCACCGAGATCTACACagtattgcTCGTCGGCAGCGT*C,
F8,96_SET_2_i5R_14,AGTTGCTC,index_8nt_183,AATGATACGGCGACCACCGAGATCTACACagttgctcTCGTCGGCAGCGT*C,
G8,96_SET_2_i5R_15,ATGGTACG,index_8nt_226,AATGATACGGCGACCACCGAGATCTACACatggtacgTCGTCGGCAGCGT*C,
H8,96_SET_2_i5R_16,CAACCGTC,index_8nt_238,AATGATACGGCGACCACCGAGATCTACACcaaccgtcTCGTCGGCAGCGT*C,
A9,96_SET_3_i5R_17,CATCGTCG,index_8nt_278,AATGATACGGCGACCACCGAGATCTACACcatcgtcgTCGTCGGCAGCGT*C,
B9,96_SET_3_i5R_18,CCATATAG,index_8nt_299,AATGATACGGCGACCACCGAGATCTACACccatatagTCGTCGGCAGCGT*C,
C9,96_SET_3_i5R_19,CCATGCCA,index_8nt_301,AATGATACGGCGACCACCGAGATCTACACccatgccaTCGTCGGCAGCGT*C,
D9,96_SET_3_i5R_20,CCATTGAC,index_8nt_302,AATGATACGGCGACCACCGAGATCTACACccattgacTCGTCGGCAGCGT*C,
E9,96_SET_3_i5R_21,CCGATGGT,index_8nt_309,AATGATACGGCGACCACCGAGATCTACACccgatggtTCGTCGGCAGCGT*C,
F9,96_SET_3_i5R_22,CCTAGGAG,index_8nt_326,AATGATACGGCGACCACCGAGATCTACACcctaggagTCGTCGGCAGCGT*C,
G9,96_SET_3_i5R_23,CCTGATTG,index_8nt_333,AATGATACGGCGACCACCGAGATCTACACcctgattgTCGTCGGCAGCGT*C,
H9,96_SET_3_i5R_24,CTACCGAG,index_8nt_396,AATGATACGGCGACCACCGAGATCTACACctaccgagTCGTCGGCAGCGT*C,
A10,96_SET_4_i7F_37,GAACCGGA,index_8nt_433,CAAGCAGAAGACGGCATACGAGATtccggttcGTCTCGTGGGCTCG*G,
B10,96_SET_4_i7F_38,GCATCAAG,index_8nt_487,CAAGCAGAAGACGGCATACGAGATcttgatgcGTCTCGTGGGCTCG*G,
C10,96_SET_4_i7F_39,GCTGATAT,index_8nt_518,CAAGCAGAAGACGGCATACGAGATatatcagcGTCTCGTGGGCTCG*G,
D10,96_SET_4_i7F_40,GCTTATCG,index_8nt_519,CAAGCAGAAGACGGCATACGAGATcgataagcGTCTCGTGGGCTCG*G,
E10,96_SET_4_i7F_41,GGACTGAA,index_8nt_526,CAAGCAGAAGACGGCATACGAGATttcagtccGTCTCGTGGGCTCG*G,
F10,96_SET_4_i7F_42,GGAGTCTC,index_8nt_529,CAAGCAGAAGACGGCATACGAGATgagactccGTCTCGTGGGCTCG*G,
G10,96_SET_4_i7F_43,GGATATTG,index_8nt_531,CAAGCAGAAGACGGCATACGAGATcaatatccGTCTCGTGGGCTCG*G,
H10,96_SET_4_i7F_44,GGTATTCC,index_8nt_547,CAAGCAGAAGACGGCATACGAGATggaataccGTCTCGTGGGCTCG*G,
A11,96_SET_4_i7F_45,GGTCAGCG,index_8nt_548,CAAGCAGAAGACGGCATACGAGATcgctgaccGTCTCGTGGGCTCG*G,
B11,96_SET_4_i7F_46,GGTCGTTA,index_8nt_552,CAAGCAGAAGACGGCATACGAGATtaacgaccGTCTCGTGGGCTCG*G,
C11,96_SET_4_i7F_47,GGTTGATG,index_8nt_555,CAAGCAGAAGACGGCATACGAGATcatcaaccGTCTCGTGGGCTCG*G,
D11,96_SET_4_i7F_48,GTAGTTAT,index_8nt_563,CAAGCAGAAGACGGCATACGAGATataactacGTCTCGTGGGCTCG*G,
A12,96_SET_5_i7F_49,GTCATATA,index_8nt_568,CAAGCAGAAGACGGCATACGAGATtatatgacGTCTCGTGGGCTCG*G,
B12,96_SET_5_i7F_50,GTCGAACC,index_8nt_570,CAAGCAGAAGACGGCATACGAGATggttcgacGTCTCGTGGGCTCG*G,
C12,96_SET_5_i7F_51,GTCTTCCG,index_8nt_576,CAAGCAGAAGACGGCATACGAGATcggaagacGTCTCGTGGGCTCG*G,
D12,96_SET_5_i7F_52,GTTATAAG,index_8nt_581,CAAGCAGAAGACGGCATACGAGATcttataacGTCTCGTGGGCTCG*G,
E12,96_SET_5_i7F_53,GTTGAATA,index_8nt_584,CAAGCAGAAGACGGCATACGAGATtattcaacGTCTCGTGGGCTCG*G,
F12,96_SET_5_i7F_54,GTTGCGAC,index_8nt_585,CAAGCAGAAGACGGCATACGAGATgtcgcaacGTCTCGTGGGCTCG*G,
G12,96_SET_5_i7F_55,TACTTCCT,index_8nt_605,CAAGCAGAAGACGGCATACGAGATaggaagtaGTCTCGTGGGCTCG*G,
H12,96_SET_5_i7F_56,TCAAGTCT,index_8nt_625,CAAGCAGAAGACGGCATACGAGATagacttgaGTCTCGTGGGCTCG*G,
A13,96_SET_5_i7F_57,TCTGCAGT,index_8nt_657,CAAGCAGAAGACGGCATACGAGATactgcagaGTCTCGTGGGCTCG*G,
B13,96_SET_5_i7F_58,TGATAGCC,index_8nt_667,CAAGCAGAAGACGGCATACGAGATggctatcaGTCTCGTGGGCTCG*G,
C13,96_SET_5_i7F_59,TGCGTTAT,index_8nt_674,CAAGCAGAAGACGGCATACGAGATataacgcaGTCTCGTGGGCTCG*G,
D13,96_SET_5_i7F_60,TGCTGCAG,index_8nt_677,CAAGCAGAAGACGGCATACGAGATctgcagcaGTCTCGTGGGCTCG*G,
A14,96_SET_6_i7F_61,TGGATCGC,index_8nt_681,CAAGCAGAAGACGGCATACGAGATgcgatccaGTCTCGTGGGCTCG*G,
B14,96_SET_6_i7F_62,TGGCCAGT,index_8nt_684,CAAGCAGAAGACGGCATACGAGATactggccaGTCTCGTGGGCTCG*G,
C14,96_SET_6_i7F_63,TGGCTCAG,index_8nt_686,CAAGCAGAAGACGGCATACGAGATctgagccaGTCTCGTGGGCTCG*G,
D14,96_SET_6_i7F_64,TGGTCAAG,index_8nt_687,CAAGCAGAAGACGGCATACGAGATcttgaccaGTCTCGTGGGCTCG*G,
E14,96_SET_6_i7F_65,TTATATTC,index_8nt_693,CAAGCAGAAGACGGCATACGAGATgaatataaGTCTCGTGGGCTCG*G,
F14,96_SET_6_i7F_66,TTATCTGA,index_8nt_694,CAAGCAGAAGACGGCATACGAGATtcagataaGTCTCGTGGGCTCG*G,
G14,96_SET_6_i7F_67,TTATTCTT,index_8nt_695,CAAGCAGAAGACGGCATACGAGATaagaataaGTCTCGTGGGCTCG*G,
H14,96_SET_6_i7F_68,TTCCGCGC,index_8nt_732,CAAGCAGAAGACGGCATACGAGATgcgcggaaGTCTCGTGGGCTCG*G,
A15,96_SET_6_i7F_69,TTCTGGTC,index_8nt_737,CAAGCAGAAGACGGCATACGAGATgaccagaaGTCTCGTGGGCTCG*G,
B15,96_SET_6_i7F_70,TTGAGAGA,index_8nt_739,CAAGCAGAAGACGGCATACGAGATtctctcaaGTCTCGTGGGCTCG*G,
C15,96_SET_6_i7F_71,TTGATATC,index_8nt_741,CAAGCAGAAGACGGCATACGAGATgatatcaaGTCTCGTGGGCTCG*G,
D15,96_SET_6_i7F_72,TTGCCGCG,index_8nt_743,CAAGCAGAAGACGGCATACGAGATcgcggcaaGTCTCGTGGGCTCG*G,
A16,96_SET_4_i5R_25,CTGGCTCG,index_8nt_428,AATGATACGGCGACCACCGAGATCTACACctggctcgTCGTCGGCAGCGT*C,
B16,96_SET_4_i5R_26,CTGGTATA,index_8nt_429,AATGATACGGCGACCACCGAGATCTACACctggtataTCGTCGGCAGCGT*C,
C16,96_SET_4_i5R_27,CTTCTCTG,index_8nt_436,AATGATACGGCGACCACCGAGATCTACACcttctctgTCGTCGGCAGCGT*C,
D16,96_SET_4_i5R_28,CTTGGAGA,index_8nt_438,AATGATACGGCGACCACCGAGATCTACACcttggagaTCGTCGGCAGCGT*C,
E16,96_SET_4_i5R_29,GAACCGCT,index_8nt_439,AATGATACGGCGACCACCGAGATCTACACgaaccgctTCGTCGGCAGCGT*C,
F16,96_SET_4_i5R_30,GCGGATGG,index_8nt_512,AATGATACGGCGACCACCGAGATCTACACgcggatggTCGTCGGCAGCGT*C,
G16,96_SET_4_i5R_31,GCTTAGGC,index_8nt_524,AATGATACGGCGACCACCGAGATCTACACgcttaggcTCGTCGGCAGCGT*C,
H16,96_SET_4_i5R_32,GGAGTTGC,index_8nt_536,AATGATACGGCGACCACCGAGATCTACACggagttgcTCGTCGGCAGCGT*C,
A17,96_SET_5_i5R_33,GGCAACGG,index_8nt_539,AATGATACGGCGACCACCGAGATCTACACggcaacggTCGTCGGCAGCGT*C,
B17,96_SET_5_i5R_34,GGCCTATG,index_8nt_544,AATGATACGGCGACCACCGAGATCTACACggcctatgTCGTCGGCAGCGT*C,
C17,96_SET_5_i5R_35,GGCGGAGC,index_8nt_548,AATGATACGGCGACCACCGAGATCTACACggcggagcTCGTCGGCAGCGT*C,
D17,96_SET_5_i5R_36,GGCTGCGT,index_8nt_552,AATGATACGGCGACCACCGAGATCTACACggctgcgtTCGTCGGCAGCGT*C,
E17,96_SET_5_i5R_37,GGTCGTTA,index_8nt_561,AATGATACGGCGACCACCGAGATCTACACggtcgttaTCGTCGGCAGCGT*C,
F17,96_SET_5_i5R_38,GGTTACCA,index_8nt_563,AATGATACGGCGACCACCGAGATCTACACggttaccaTCGTCGGCAGCGT*C,
G17,96_SET_5_i5R_39,GTAGTACC,index_8nt_574,AATGATACGGCGACCACCGAGATCTACACgtagtaccTCGTCGGCAGCGT*C,
H17,96_SET_5_i5R_40,GTATTATA,index_8nt_576,AATGATACGGCGACCACCGAGATCTACACgtattataTCGTCGGCAGCGT*C,
A18,96_SET_6_i5R_41,GTCTCAGC,index_8nt_587,AATGATACGGCGACCACCGAGATCTACACgtctcagcTCGTCGGCAGCGT*C,
B18,96_SET_6_i5R_42,GTCTCCAA,index_8nt_588,AATGATACGGCGACCACCGAGATCTACACgtctccaaTCGTCGGCAGCGT*C,
C18,96_SET_6_i5R_43,GTTGGCAG,index_8nt_600,AATGATACGGCGACCACCGAGATCTACACgttggcagTCGTCGGCAGCGT*C,
D18,96_SET_6_i5R_44,TATCGCTA,index_8nt_629,AATGATACGGCGACCACCGAGATCTACACtatcgctaTCGTCGGCAGCGT*C,
E18,96_SET_6_i5R_45,TCAGAACC,index_8nt_637,AATGATACGGCGACCACCGAGATCTACACtcagaaccTCGTCGGCAGCGT*C,
F18,96_SET_6_i5R_46,TCATCGCT,index_8nt_640,AATGATACGGCGACCACCGAGATCTACACtcatcgctTCGTCGGCAGCGT*C,
G18,96_SET_6_i5R_47,TCATTATG,index_8nt_642,AATGATACGGCGACCACCGAGATCTACACtcattatgTCGTCGGCAGCGT*C,
H18,96_SET_6_i5R_48,TCTAGATA,index_8nt_657,AATGATACGGCGACCACCGAGATCTACACtctagataTCGTCGGCAGCGT*C,
A19,96_SET_7_i5R_49,TGCAGCCT,index_8nt_674,AATGATACGGCGACCACCGAGATCTACACtgcagcctTCGTCGGCAGCGT*C,
B19,96_SET_7_i5R_50,TGCTAATC,index_8nt_681,AATGATACGGCGACCACCGAGATCTACACtgctaatcTCGTCGGCAGCGT*C,
C19,96_SET_7_i5R_51,TGCTCCGA,index_8nt_682,AATGATACGGCGACCACCGAGATCTACACtgctccgaTCGTCGGCAGCGT*C,
D19,96_SET_7_i5R_52,TGGACCAA,index_8nt_685,AATGATACGGCGACCACCGAGATCTACACtggaccaaTCGTCGGCAGCGT*C,
E19,96_SET_7_i5R_53,TGGCTGGT,index_8nt_689,AATGATACGGCGACCACCGAGATCTACACtggctggtTCGTCGGCAGCGT*C,
F19,96_SET_7_i5R_54,TTAGAGGT,index_8nt_694,AATGATACGGCGACCACCGAGATCTACACttagaggtTCGTCGGCAGCGT*C,
G19,96_SET_7_i5R_55,TTGAACTC,index_8nt_709,AATGATACGGCGACCACCGAGATCTACACttgaactcTCGTCGGCAGCGT*C,
H19,96_SET_7_i5R_56,TTGCTTGC,index_8nt_716,AATGATACGGCGACCACCGAGATCTACACttgcttgcTCGTCGGCAGCGT*C,