plate position on Echo 384 PP,primer names pooled
A01 ,CD79B-Y195H_PM 
B01,Ubtf-E210K
C01,Cre
D01,Cre
E01,Cre
F01,Cre
G01,Cre
A02,Nlrp9c-F0M14
B02,Gbp1-F0M5
C02,Apc
D02,Apc
E02,Apc
F02,Apc
G02,Apc
H02,Apc
A03,Sh2b3-F0M6
B03,Sh2b3-F0M6
C03,Sh2b3-F0M6
D03,Il5_Tg
E03,Gsdmd-igl1351
F03,Trex1-igl2773
G03,Trex1-igl2773
H03,Trex1-igl2773
A04,Arpc1b_Tm1a
B04,Arpc1b_Tm1a
C04,Arpc1b_Tm1a
D04,Arpc1b_Tm1a
E04,Arpc1b_Tm1b
F04,Arpc1b_Tm1b
G04,Arpc1b_Tm1b
H04,Arpc1b_Tm1b
I04,Arpc1b_Tm1c
J04,Arpc1b_Tm1c
K04,Arpc1b_Tm1c
L04,Arpc1b_Tm1c
A05,Arpc1b_Tm1d
B05,Arpc1b_Tm1d
C05,Arpc1b_Tm1d
D05,Arpc1b_Tm1d
E05,Arpc1b_WT
F05,Arpc1b_WT
G05,Arpc1b_WT
H05,Arpc1b_WT
A06,Lifr_Tm1a
B06,Lifr_Tm1b
C06,Lifr_Tm1c
D06,Lifr_Tm1d
E06,Lifr_WT
F06,RCE-LoxP_MUT
G06,RCE-LoxP_WT
H06,Ptprc
I06,Ptprc
J06,Ptprc
K06,Ptprc
L06,Ptprc
A07,13-32218951-IGL46
B07,Irf4
C07,Irf4
D07,Irf4
E07,Irf4
F07,Irf4
G07,Irf4
H07,Irf4
I07,Ku70_MUT
J07,Ku70_MUT
K07,Ku70_WT
L07,Ku70_WT
A08,Sh2b3-F0M1
B08,Sh2b3-F0M1
C08,Sh2b3-F0M1
D08,Ikzf2-F0M1
E08,Nlrp9a-F0M8
F08,Tlr7-F0M9
G08,Tlr7-F0M9
H08,Tlr7-F0M9
